file,width,height,transparent
concepts/hook_title.png,1920,1080,False
concepts/level_1_compare.png,1920,1080,False
concepts/level_2_ordering.png,1920,1080,False
concepts/level_3_signals.png,1920,1080,False
backgrounds/sky_and_surface.png,3840,360,False
backgrounds/water_gradient.png,1920,1080,True
backgrounds/far_silhouettes.png,3840,700,True
backgrounds/seabed_mid.png,3840,420,True
backgrounds/foreground_kelp.png,3840,800,True
backgrounds/light_rays.png,1920,1080,True
backgrounds/caustics_tile.png,1024,1024,True
backgrounds/bubbles_set.png,1536,1024,True
backgrounds/pieces/bubble_01.png,384,326,True
backgrounds/pieces/bubble_02.png,384,318,True
backgrounds/pieces/bubble_03.png,384,322,True
backgrounds/pieces/bubble_04.png,354,326,True
backgrounds/pieces/bubble_05.png,384,342,True
backgrounds/pieces/bubble_06.png,383,342,True
backgrounds/pieces/bubble_07.png,384,342,True
backgrounds/pieces/bubble_08.png,364,342,True
backgrounds/pieces/bubble_09.png,353,313,True
backgrounds/pieces/bubble_10.png,373,312,True
backgrounds/pieces/bubble_11.png,362,317,True
backgrounds/pieces/bubble_12.png,339,311,True
patrol_ship/coast_guard_ship.png,1400,520,True
patrol_ship/launcher_turret.png,480,480,True
patrol_ship/torpedo.png,420,120,True
patrol_ship/torpedo_trail.png,600,160,True
submarines/enemy_sub.png,720,300,True
submarines/enemy_sub_variants.png,1536,1024,True
submarines/pieces/enemy_sub_charcoal.png,677,707,True
submarines/pieces/enemy_sub_teal.png,723,675,True
submarines/pieces/enemy_sub_plum.png,713,688,True
submarines/enemy_sub_hit.png,720,300,True
submarines/bubble_blast.png,2048,512,True
submarines/pieces/bubble_blast_01.png,512,512,True
submarines/pieces/bubble_blast_02.png,512,512,True
submarines/pieces/bubble_blast_03.png,512,512,True
submarines/pieces/bubble_blast_04.png,512,512,True
navigation/nav_scale_bar.png,3000,160,True
navigation/scale_ticks.png,1536,1024,True
navigation/pieces/tick_small.png,727,459,True
navigation/pieces/tick_tall.png,667,512,True
navigation/pieces/tick_zero.png,768,512,True
navigation/pieces/number_plate.png,729,512,True
navigation/lock_on_reticle.png,512,512,True
navigation/defence_marker.png,300,360,True
navigation/defence_line.png,240,1080,True
navigation/sweep_arrow.png,1400,200,True
signals/signal_right.png,260,160,True
signals/signal_left.png,260,160,True
signals/zero_pair_pop.png,400,400,True
signals/signal_pod.png,300,300,True
ui/mission_strip.png,1600,170,True
ui/rule_card.png,700,300,True
ui/hint_arrow.png,500,200,True
ui/sequence_badge.png,240,240,True
ui/ui_buttons.png,1536,1024,True
ui/pieces/speaker_button.png,456,443,True
ui/pieces/skip_button.png,512,503,True
ui/pieces/sonar_pip_off.png,492,475,True
ui/pieces/pill_button.png,979,472,True
ui/pieces/sonar_pip_on.png,393,463,True
ui/route_progress.png,1600,120,True
ui/complete_card_frame.png,1000,1100,True
ui/star_gold.png,240,240,True
ui/star_silver.png,240,240,True
characters/officer_turnaround.png,1536,1024,True
characters/pieces/officer_front.png,512,1023,True
characters/pieces/officer_three_quarter.png,512,1005,True
characters/pieces/officer_side.png,495,991,True
characters/officer_idle.png,1024,1536,True
characters/officer_point_right.png,1024,1536,True
characters/officer_point_left.png,1024,1536,True
characters/officer_thumbs_up.png,1024,1536,True
characters/officer_cheer.png,1024,1536,True
characters/officer_think.png,1024,1536,True
characters/officer_binoculars.png,1024,1536,True
characters/officer_talk.png,1536,1024,True
characters/pieces/officer_talk_01.png,512,512,True
characters/pieces/officer_talk_02.png,512,512,True
characters/pieces/officer_talk_03.png,512,512,True
characters/pieces/officer_talk_04.png,512,512,True
characters/pieces/officer_talk_05.png,512,512,True
characters/pieces/officer_talk_06.png,512,512,True
characters/cadet_player.png,1536,1024,True
characters/pieces/cadet_idle.png,536,863,True
characters/pieces/cadet_aiming.png,592,878,True
characters/pieces/cadet_cheer.png,573,872,True
story_backgrounds/harbour_dawn.png,1920,1080,False
story_backgrounds/sonar_room.png,1920,1080,False
ui/pieces/route_ship_icon.png,180,70,True
